,WMO,FAA,Station_Name,Continent,ICAO,RAOB STATION NAME,ST,CO,EL,  LAT,N, LONG,E
0,16429,LICT,Trapani/Birgi ,Africa,LICT,TRAPANI/BIRGI (AFB,,IT,7,37.92,N,12.5,E
1,16546,LIED,Decimomannu ,Africa,LIED,DECIMOMANNU,,IT,30,39.35,N,8.97,E
2,16754,LGIR,Heraklion (Airport) ,Africa,LGIR,IRAKLION (CIV/AFB),,GR,39,35.33,N,25.18,E
3,16716,LGAT,Athinai (Airport) ,Africa,LGAT,ATHENS/HELLENKION,,GR,15,37.9,N,23.73,E
4,17196,LTAU,Kayseri ,Africa,LTAM,KAISERI CITY,,TU,1043,38.72,N,35.5,E
5,17220,,Izmir/Guzelyali,Africa,,IZMIR,,TU,29,38.43,N,27.17,E
6,17240,LTBM,Isparta ,Africa,LTBM,ISPARTA,,TU,997,37.75,N,30.55,E
7,17351,,Adana/Bolge,Africa,,ADANA/BOLGE,,TU,28,36.98,N,35.35,E
8,40179,,Bet Dagan,Africa,,BET DAGAN,,IS,30,32.0,N,34.82,E
9,40373,OEPA,Al-Qaisumah ,Africa,OEPA,HAFR AL-BATIN ARPT,,SD,355,28.33,N,46.12,E
10,40375,OETB,Tabuk ,Africa,OETB,TABUK (SAUD-AFB),,SD,770,28.37,N,36.58,E
11,40394,OEHL,Hail ,Africa,OEHL,HAIL,,SD,1013,27.52,N,41.73,E
12,40417,OEDF,K.F.I.A.-Dammam ,Africa,OEDF,KING FAHAD INTERNA,,SD,12,26.45,N,49.82,E
13,40430,OEMA,Al-Madinah ,Africa,OEMA,MADINAH INTL ARPT,,SD,631,24.55,N,39.72,E
14,40766,OICC,Kermanshah ,Africa,OICC,KERMANSHAH/BAKTARA,,IR,1322,34.27,N,47.12,E
15,40800,OIFM,Esfahan ,Africa,OIFM,ESFAHAN (CIV/AFB),,IR,1590,32.62,N,51.67,E
16,40848,OISS,Shiraz ,Africa,OISS,SHIRAZ (CIV/AFB),,IR,1491,29.53,N,52.58,E
17,40856,OIZH,Zahedan ,Africa,OIZH,ZAHEDAN/INTL,,IR,1370,29.47,N,60.88,E
18,40875,OIKB,Bandarabbass ,Africa,OIKB,BANDAR ABBAS INTL,,IR,10,27.22,N,56.37,E
19,40437,OERK,King Khaled Intl Arpt ,Africa,OERK,RIYADH/KING KHALID,,SD,612,24.93,N,46.72,E
20,40650,ORBB,Baghdad ,Africa,ORBB,BAGDAD/SIRSENK,,IQ,34,33.23,N,44.23,E
21,40706,OITT,Tabriz ,Africa,OITT,TABRIZ(IRAN-AB/CIV,,IR,1361,38.08,N,46.28,E
22,40754,OIII,Tehran-Mehrabad ,Africa,OIII,TEHRAN/MEHRABAD AF,,IR,1191,35.68,N,51.35,E
23,40809,OIMB,Birjand ,Africa,OIMB,BIRJAND,,IR,1491,32.87,N,59.2,E
24,40841,OIKK,Kerman ,Africa,OIKK,KERMAN,,IR,1754,30.25,N,56.97,E
25,41024,OEJN,Jeddah (King Abdul Aziz) ,Africa,OEJN,JEDDAH/ABDUL AZIZ,,SD,12,21.67,N,39.15,E
26,41112,OEAB,Abha ,Africa,OEAB,ABHA,,SD,2084,18.23,N,42.65,E
27,41217,OMAA,Abu Dhabi Inter Arpt ,Africa,OMAA,ABU DHABI INTL,,ER,27,24.43,N,54.65,E
28,41256,OOMS,"Seeb, Intl Airport ",Africa,OOMS,SEEB INTL/MUSCAT,,OM,8,23.58,N,58.28,E
29,60018,,Guimar-Tenerife,Africa,,TENERIFE-GUIMAR,,CR,111,28.32,N,16.38,W
30,60155,GMMC,Casablanca ,Africa,GMMC,CASABLANCA/ANFA,,MC,62,33.57,N,7.67,W
31,60390,DAAG,Dar-El-Beida ,Africa,DAAG,DAR-EL-BEIDA/HOUAR,,DZ,29,36.68,N,3.22,E
32,60571,DAOR,Bechar ,Africa,DAOR,BECHAR/OUAKDA,,DZ,773,31.62,N,2.23,W
33,60680,,Tamanrasset,Africa,,TAMANRASSET,,DZ,1378,22.78,N,5.52,E
34,60760,DTTZ,Tozeur ,Africa,DTTZ,TOZEUR/NEFTA,,TN,93,33.92,N,8.1,E
35,61052,DRRN,Niamey-Aero ,Africa,DRRR,NIAMEY-AERO,,NR,234,13.48,N,2.17,E
36,62306,HEMM,Mersa Matruh ,Africa,HEMM,MERSA MATRUH (MIL),,EG,30,31.33,N,27.22,E
37,62414,HESN,Asswan ,Africa,HESN,ASWAN (CIV/MIL),,EG,194,23.97,N,32.78,E
38,60096,GSVO,Dakhla ,Africa,GSVO,VILLA CISNEROS MIL,",",MC,9,23.71,N,15.93,W
39,61024,DRZA,Agadez ,Africa,DRZA,AGADEZ SOUTH (MIL),,NR,502,16.97,N,7.98,E
40,61052,DRRN,Niamey-Aero ,Africa,DRRR,NIAMEY-AERO,,NR,234,13.48,N,2.17,E
41,61901,,St. Helena Is.,Africa,,ST. HELENA ISLAND,,HE,436,15.93,S,5.67,W
42,63985,FSSS,Seychelles(Rawinsonde) ,Africa,FSSS,SEYCHELLES INTL,,SC,4,4.68,S,55.53,E
43,64400,FCPP,Pointe-Noire ,Africa,FCPP,POINTE-NOIRE,,CG,17,4.82,S,11.9,E
44,68424,FAUP,Upington ,Africa,FAUP,UPINGTON/PIERRE,,ZA,836,28.4,S,21.27,E
45,68592,FALE,King Shaka ,Africa,FALE,KING SHAKA INTL AI,,ZA,109,29.61,S,31.12,E
46,64700,FTTJ,Ndjamena ,Africa,FTTJ,NDJAMENA,,CD,295,12.13,N,15.03,E
47,65548,DIMN,Man ,Africa,DIMN,MAN,,IV,340,7.38,N,7.52,W
48,65578,DIAP,Abidjan ,Africa,DIAP,ABIDJAN/PORT BOUET,,IV,8,5.25,N,3.93,W
49,68263,FAIR,Pretoria (Irene) ,Africa,FAIR,PRETORIA/IRENE,,ZA,1500,25.92,S,28.22,E
50,68442,FABL,Bloemfontein Airport ,Africa,FABL,BLOEMFONTEIN/HERTZ,,ZA,1348,29.1,S,26.3,E
51,68512,FASB,Springbok ,Africa,FASB,SPRINGBOK,,ZA,990,29.67,S,17.87,E
52,68816,,Cape Town Intnl. Arport,Africa,FACT,CAPETOWN/DF MALAN,,ZA,42,33.98,S,18.6,E
53,68842,FAPE,Port Elizabeth ,Africa,FAPE,PORT ELIZABETH,,ZA,60,33.98,S,23.6,E
54,89512,,Novolazarevskaja,Antarctica,,NOVOLAZAREVSKAJA,,RU,102,70.77,S,11.83,E
55,89009,,Amundsen-Scott,Antarctica,NZSP,AMUNDSEN-SCOTT,,US,2830,90.0,S,0.0,E
56,89062,,Rothera,Antarctica,,ROTHERA PT BRI-BAS,,UK,16,67.57,S,68.13,W
57,89532,,Syowa,Antarctica,,SYOWA JAPAN-BASE,,JP,21,69.0,S,39.58,E
58,89564,,Mawson,Antarctica,,MAWSON AUS-BASE,,AU,16,68.6,S,62.87,E
59,89571,,Davis,Antarctica,,DAVIS AUS-BASE,,AU,13,68.57,S,77.95,E
60,89592,,Mirnyj,Antarctica,,MIRNYJ SOVIET-BASE,,RU,30,66.55,S,93.02,E
61,89611,,Casey,Antarctica,,CASEY AUS-BASE,,AU,41,66.28,S,110.52,E
62,89664,,Mcmurdo,Antarctica,,MCMURDO USA-BASE,,US,34,77.85,S,166.67,E
63,1001,ENJA,Jan Mayen ,Arctic,ENJA,JAN MAYEN,,NO,9,70.93,N,8.67,W
64,1004,ENAS,Ny-Alesund Ii ,Arctic,ENAS,NY-ALESUND II,,NO,8,78.92,N,11.93,E
65,1241,ENOL,Orland ,Arctic,ENOL,ORLAND III (NOR-AF,,NO,7,63.7,N,9.6,E
66,3238,,Albemarle,Arctic,,ALBERMARLE,,UK,146,55.1,N,1.93,W
67,3354,,Nottingham/Watnall,Arctic,,NOTTINGHAM WX CTR,,UK,117,53.0,N,1.25,W
68,3918,,Castor Bay,Arctic,,CASTOR BAY,,UK,17,54.5,N,6.33,W
69,1400,,Ekofisk,Arctic,ENEK,EKOFISK,,NO,46,56.53,N,3.22,E
70,3005,,Lerwick,Arctic,,LERWICK/SHETLAND I,,UK,84,60.13,N,1.18,W
71,4018,BIKF,Keflavikurflugvollur ,Arctic,BIKF,KEFLAVIK,,IL,52,63.97,N,22.6,W
72,4089,BIEG,Egilsstadir ,Arctic,BIEG,EGILSSTADIR,,IL,23,65.17,N,14.4,W
73,4220,BGEM,Aasiaat (Egedesminde) ,Arctic,BGEM,EGEDESMINDE/AUSIAT,,GL,41,68.7,N,52.85,W
74,4270,BGBW,Narsarsuaq ,Arctic,BGBW,NARSARSSUAK,,GL,26,61.18,N,45.42,W
75,4320,BGDH,Danmarkshavn ,Arctic,BGDH,DANMARKSHAVN (PORT,,GL,12,76.77,N,18.67,W
76,4339,BGSC,Ittoqqortoormiit ,Arctic,BGSC,SCORESBYSUND,,GL,69,70.48,N,21.95,W
77,10035,,Schleswig,Arctic,,SCHLESWIG,,DL,48,54.53,N,9.55,E
78,10113,,Norderney,Arctic,,NORDERNEY,,DL,11,53.71,N,7.15,E
79,10184,,Greifswald,Arctic,,GREIFSWALD,,DL,6,54.1,N,13.4,E
80,10393,,Lindenberg,Arctic,,LINDENBERG,,DL,112,52.22,N,14.12,E
81,12120,,Leba,Arctic,,LEBA,,PL,2,54.75,N,17.53,E
82,12374,,Legionowo,Arctic,,LEGIONOWO,,PL,96,52.4,N,20.97,E
83,20046,,"Polargmo Im. Krenkelja, DK",Arctic,,OSTROV KHEISA,DK,RU,20,80.62,N,58.05,E
84,20292,,"Gmo Im.E.K. Fedorova, DK",Arctic,,CAPE CELJUSKIN,DK,RU,13,77.72,N,104.3,E
85,20674,,"Ostrov Dikson, DK",Arctic,,DIKSON ISLAND,DK,RU,47,73.53,N,80.4,E
86,20744,,"Malye Karmakuly, DK",Arctic,,MALYE KARMAKULY,DK,RU,16,72.38,N,52.73,E
87,21432,,"Ostrov Kotelnyj, DK",Arctic,,KOTEL'NYJ ISLAND,TK,RU,10,76.0,N,137.9,E
88,21824,,"Tiksi, TK",Arctic,,TIKSI,TK,RU,8,71.58,N,128.92,E
89,21946,,"Chokurdah, TK",Arctic,,COKURDAH,TK,RU,61,70.62,N,147.9,E
90,22008,,Murmansk,Arctic,ULMM,MURMANSK,AR,RU,121,68.98,N,33.12,E
91,22217,,"Kandalaksa, AR",Arctic,,KANDALAKSA,AR,RU,26,67.15,N,32.35,E
92,22271,,"Sojna, AR",Arctic,,SOJNA,AR,RU,16,67.88,N,44.13,E
93,22522,,"Kem, LE",Arctic,,KEM (PORT),LE,RU,10,64.98,N,34.8,E
94,22543,,"Arhangelsk, AR",Arctic,,ARCHANGEL'SK,AR,RU,6,64.62,N,40.51,E
95,22820,,"Petrozavodsk, LE",Arctic,,PETROZAVODSK,LE,RU,112,61.82,N,34.27,E
96,22845,,"Kargopol, AR",Arctic,,KARGOPOL',AR,RU,121,61.5,N,38.93,E
97,23078,,Norilsk,Arctic,,NORILSK,DK,RU,62,69.33,N,88.1,E
98,23205,,"Narjan-Mar, AR",Arctic,,NAR'JAN-MAR,AR,RU,7,67.65,N,53.02,E
99,23330,,"Salehard, NO",Arctic,,SALEHARD,NO,RU,16,66.53,N,66.53,E
100,23415,,"Pechora, AR",Arctic,,PECHORA,AR,RU,56,65.12,N,57.1,E
101,23472,,"Turuhansk, NO",Arctic,,TURUHANSK,NO,RU,32,65.78,N,87.95,E
102,23802,,"Syktyvkar, AR",Arctic,UUYY,SYKTYVKAR',AR,RU,116,61.68,N,50.78,E
103,23884,,"Bor, NO",Arctic,,BOR,NO,RU,63,61.6,N,90.0,E
104,23921,,"Ivdel, SV",Arctic,,IVDEL',SV,RU,101,60.68,N,60.43,E
105,23933,USHH,"Hanty-Mansijsk, NO ",Arctic,USHH,HANTY-MANSIJSK,NO,RU,40,60.97,N,69.07,E
106,23955,,"Aleksandrovskoe, NO",Arctic,,ALEKSANDROVSKOE,NO,RU,47,60.43,N,77.87,E
107,24122,,"Olenek, HA",Arctic,,OLENEK,HA,RU,220,68.5,N,112.43,E
108,24266,,"Verhojansk, HA",Arctic,,VERHOJANSK,HA,RU,137,67.55,N,133.38,E
109,24343,,"Zhigansk, HA",Arctic,,ZIGANSK,HA,RU,93,66.77,N,123.4,E
110,24507,,"Tura, NO",Arctic,,TURA,NO,RU,186,64.27,N,100.23,E
111,24641,,"Viljujsk, HA",Arctic,,VILJUJSK,HA,RU,107,63.77,N,121.62,E
112,24688,,"Ojmjakon, HA",Arctic,,OJMJAKON,HA,RU,745,63.27,N,143.15,E
113,24726,,"Mirnvy, HB",Arctic,UERR,MIRNY,HB,RU,347,62.55,N,113.88,E
114,24908,,"Vanavara, NO",Arctic,,VANAVARA,NO,RU,260,60.33,N,102.27,E
115,24947,,"Olekminsk, HA",Arctic,,OLEKMINSK,HA,RU,226,60.37,N,120.42,E
116,24959,UEEE,"Jakutsk, HA ",Arctic,UEEE,YAKUTSK AIRPORT,HA,RU,103,62.08,N,129.75,E
117,25123,,"Cherskij, HA",Arctic,,CERSKIJ,HA,RU,32,68.8,N,161.28,E
118,25403,,"Zyrjanka, HA",Arctic,,ZYRYANKA,HA,RU,43,65.73,N,150.9,E
119,25703,,"Sejmchan, HA",Arctic,,SEJMCAN,HA,RU,207,62.92,N,152.42,E
120,25913,UHMM,"Magadan, HA ",Arctic,UHMM,MAGADAN,HA,RU,118,59.58,N,150.78,E
121,26038,ULTT,"Tallinn, LE ",Arctic,ULTT,TALLIN,HA,RU,44,59.45,N,24.8,E
122,26075,ULLI,"St.Petersburg(Voejkovo), St.Petersburg(Voejkovo), LE ",Arctic,,ST. PETERSBURG,LE,RU,72,59.95,N,30.7,E
123,26298,,"Bologoe, LE",Arctic,,BOLOGOE,LE,RU,178,57.9,N,34.05,E
124,26477,ULOL,"Velikie Luki, LE ",Arctic,ULOL,VELIKIE LUKI,LE,RU,98,56.38,N,30.6,E
125,26629,,"Kaunas, MI",Arctic,,KAUNAS,MI,BY,75,54.88,N,23.88,E
126,26781,,"Smolensk, MI",Arctic,,SMOLENSK,MI,RU,241,54.75,N,32.07,E
127,27038,ULWW,"Vologda, AR ",Arctic,,VOLOGDA,AR,RU,130,59.32,N,39.93,E
128,27199,,"Kirov, MS",Arctic,,KIROV,MS,RU,158,58.6,N,49.63,E
129,27459,,"Niznij Novgorod, MS",Arctic,,NIZNIJ NOVGOROD,MS,RU,157,56.27,N,44.0,E
130,27594,,"Kazan (Vyzaovye), MS",Arctic,,KAZAN',,RU,127,55.82,N,48.52,E
131,27713,,"Moskva (Dolgoprudnyj), MS",Arctic,UUDD,MOSCOW POLGOPRUDNY,MS,RU,179,55.4,N,37.9,E
132,27707,,"Suhinici, MS",Arctic,,SUHINICI,MS,RU,239,54.12,N,35.33,E
133,27730,,"Rjazan, MS",Arctic,,RJAZAN',MS,RU,158,54.63,N,39.7,E
134,27962,UWPP,"Penza, MS ",Arctic,UWPP,PENZA,MS,RU,174,53.13,N,45.02,E
135,27995,,"Samara (Bezencuk), MS",Arctic,,BEZENCUKSKAJA,MS,RU,45,52.98,N,49.43,E
136,28225,,"Perm, SV",Arctic,USPP,PERM,SV,RU,170,57.95,N,56.2,E
137,28275,,"Tobolsk, NO",Arctic,,TOBOLSK,NO,RU,44,58.15,N,68.18,E
138,28445,,"Verhnee Dubrovo, SV",Arctic,,VERHNEE DUBROVO,SV,RU,290,56.73,N,61.07,E
139,28661,,"Kurgan, SV",Arctic,,KURGAN,SV,RU,79,55.47,N,65.4,E
140,28722,,"Ufa, SV",Arctic,UWUU,UFA,SV,RU,105,54.75,N,56.0,E
141,28951,,"Kostanai, AK",Arctic,,KOSTANAI,AL,RU,171,53.23,N,63.62,E
142,29231,,"Kolpasevo, NO",Arctic,,KOLPASEV,NO,RU,76,58.3,N,82.9,E
143,29263,UNII,"Enisejsk, NO ",Arctic,UNII,YENISEYSK,NO,RU,78,58.45,N,92.15,E
144,29282,,"Bogucany, NO",Arctic,,BOGUCANY,NO,RU,134,58.42,N,97.4,E
145,29572,,"Emeljanovo, NO",Arctic,,EMEL'JANOVO,NO,RU,296,56.18,N,92.62,E
146,29612,,"Barabinsk, NO",Arctic,,BARABINSK,NO,RU,120,55.37,N,78.37,E
147,29634,UNNN,"Novosibirsk, NO ",Arctic,UNNT,NOVOSIBIRSK,NO,RU,177,55.03,N,82.9,E
148,29698,UINN,"Nizhneudinsk, NO ",Arctic,UINN,NIZNE-UDINSK,IR,RU,410,54.88,N,99.03,E
149,29839,,"Barnaul, IR",Arctic,,BARNAUL,NO,RU,159,53.21,N,83.49,E
150,29862,,"Hakasskaja, NO",Arctic,,HAKASSKATA,NO,RU,256,53.77,N,91.32,E
151,30054,,"Vitim, HA",Arctic,,VITIM,HA,RU,193,59.45,N,112.58,E
152,30230,UIKK,"Kirensk, IR ",Arctic,UIKK,KIRENSK,IR,RU,258,57.77,N,108.12,E
153,30372,,"Chara, IR",Arctic,,CARA,IR,RU,711,56.92,N,118.37,E
154,30309,,"Bratsk, IR",Arctic,UIBB,BRATSK,IR,RU,489,56.07,N,101.83,E
155,30635,,"Ust-Barguzin, IR",Arctic,,UST-BARGUZIN,IR,RU,457,54.42,N,109.02,E
156,30673,,"Mogoca, IR",Arctic,,MOGOCA,IR,RU,619,53.73,N,119.78,E
157,30715,,"Angarsk, IR",Arctic,,ANGARSK,IR,RU,450,52.48,N,103.85,E
158,30758,UIAA,"Chita, IR ",Arctic,UIAA,CITA/KADALA,IR,RU,685,52.02,N,113.33,E
159,30965,,"Borzja, IR",Arctic,,BORZJA,IR,RU,684,50.38,N,116.52,E
160,31004,,"Aldan, HA",Arctic,,ALDAN,HA,RU,682,58.62,N,125.37,E
161,31088,,"Ohotsk, HA",Arctic,,OHOTSK,HA,RU,6,59.37,N,143.2,E
162,31510,,"Blagovescensk, HA",Arctic,,BLAGOVESCENSK,HA,RU,137,50.27,N,127.5,E
163,31770,,Sovetskay Gavan,Arctic,,SOVETSKAY GAVAN,HA,RU,22,49.0,N,140.27,E
164,31873,,"Dalnerechensk, HA",Arctic,,DAL'NERECENSK,HA,RU,107,45.87,N,133.73,E
165,31300,,"Zeja, HA",Arctic,,ZEJA,HA,RU,232,53.75,N,127.23,E
166,31369,,"Nikolaevsk-Na-Amure, HA",Arctic,UHNN,NIKOLAEVSK,HA,RU,68,53.15,N,140.7,E
167,31538,,Sutur,Arctic,,SUTUR,HA,RU,349,50.07,N,132.13,E
168,31736,,"Habarovsk, HA",Arctic,,HABAROVSK,HA,RU,72,48.53,N,135.23,E
169,31873,,"Dalnerechensk, HA",Arctic,,DAL'NERECENSK,HA,RU,107,45.87,N,133.73,E
170,31977,,"Vladivostok (Sad Gorod), HA",Arctic,,SAD-GOROD,HB,RU,82,43.27,N,132.05,E
171,32061,,"Aleksandrovsk-Sahalnskij, HA",Arctic,,ALEKSANDROVSK-SAHA,,RU,31,50.9,N,142.17,E
172,32098,,"Poronajsk, HA",Arctic,,PORONAJSK,HA,RU,4,49.22,N,143.1,E
173,32150,UHSS,"Juzhno-Sahalinsk, HA ",Arctic,UHSS,JUZNO-SAHALINSK,HA,RU,31,46.92,N,142.73,E
174,32215,,"Severo-Kurilsk, HA",Arctic,,SEVERO-KURILSK,HA,RU,23,50.68,N,156.13,E
175,32389,,"Kljuchi, HA",Arctic,,KLJUCI,HA,RU,28,56.32,N,160.83,E
176,32477,,Sobolevo,Arctic,,SOBOLEVO,HA,RU,25,54.3,N,155.97,E
177,32540,UHPP,"Kamchatskij, HA ",Arctic,UHPP,PETROPAVLOVSK-KAMC,,RU,24,52.97,N,158.75,E
178,32618,,"Nikolskoe, HA",Arctic,,NIKOLSKOE/BERINGA,HA,RU,6,55.2,N,165.98,E
179,34009,,"Kursk, MS",Arctic,,KURSK,MS,RU,247,51.77,N,36.17,E
180,34122,UUOO,"Voronez, MS ",Arctic,UUOO,VORONEZ,MS,RU,154,51.7,N,39.17,E
181,34172,,"Saratov, MS",Arctic,UWSS,SARATOV,MS,RU,156,51.57,N,46.03,E
182,34247,,"Kalac, MS",Arctic,,KALAC,MS,RU,93,50.42,N,41.05,E
183,34467,URWW,"Volgograd, TB ",Arctic,,VOLOGRAD,TB,RU,141,48.78,N,44.33,E
184,34731,URRR,"Rostov-Na-Donu, TB ",Arctic,URRR,ROSTOV-NA-DONU,TB,RU,77,47.25,N,39.82,E
185,34858,,"Divnoe, TB",Arctic,,DIVNOE,TB,RU,77,46.92,N,45.35,E
186,34882,,"Astrakhan, TB",Arctic,,ASTRAHAN',TB,RU,-17,46.28,N,47.98,E
187,35121,,"Orenburg, AL",Arctic,UWOO,ORENBURG,AL,RU,109,51.78,N,55.22,E
188,35229,UATT,"Aktjubinsk, AL ",Arctic,UATT,AKTJUBINSK,AL,RU,227,50.3,N,57.23,E
189,35700,,"Atyran, AL",Arctic,,GUR'EV,AL,RU,-15,47.02,N,51.85,E
190,36003,,"Pavlodar, AL",Arctic,,PAVLODAR,AL,RU,123,52.28,N,76.95,E
191,37011,,"Tuapse, TB",Arctic,,TUAPSE,TB,RU,52,44.1,N,39.03,E
192,37259,,Mahachkala,Arctic,,MAHACHKALA,TB,RU,19,43.02,N,47.48,E
193,47401,,Wakkanai,Arctic,,WAKKANAI,,JP,11,45.42,N,141.68,E
194,70026,PABR,"Barrow/W. Post W.Rogers, AK ",Arctic,PBRW,BARROW/POST-ROG,AK,US,3,71.3,N,156.78,W
195,70133,PAOT,"Kotzebue, Ralph Wien, AK ",Arctic,POTZ,KOTZEBUE,AK,US,6,66.87,N,162.63,W
196,70200,PAOM,"Nome, AK ",Arctic,POME,NOME,AK,US,6,64.5,N,165.43,W
197,70219,PABE,"Bethel/Bethel Airport, AK ",Arctic,PBET,BETHEL ARPT,AK,US,45,60.78,N,161.8,W
198,70231,PAMC,"Mcgrath, AK ",Arctic,PMCG,MCGRATH,AK,US,103,62.97,N,155.62,W
199,70261,PAFA,"Fairbanks/Int, AK ",Arctic,PFAI,FAIRBANKS,AK,US,138,64.82,N,147.87,W
200,70273,PANC,"Anchorage/Int, AK ",Arctic,PANC,ANCHORAGE INTL,AK,US,40,61.17,N,150.02,W
201,70308,PASN,"St. Paul, AK ",Arctic,PSNP,SAINT PAUL IS.,AK,US,8,57.15,N,170.22,W
202,70316,PACD,"Cold Bay, AK ",Arctic,PCDB,COLD BAY,AK,US,31,55.2,N,162.72,W
203,70326,PAKN,"King Salmon, AK ",Arctic,PAKN,KING SALMON,AK,US,14,58.68,N,156.65,W
204,70350,PADQ,"Kodiak, AK ",Arctic,PADQ,KODIAK,AK,US,33,57.73,N,152.52,W
205,70361,PAYA,"Yakutat, AK ",Arctic,PYAK,YAKUTAT,AK,US,9,59.5,N,139.68,W
206,70398,PANT,"Annette Island, AK ",Arctic,PANN,ANNETTE ISLAND,AK,US,33,55.03,N,131.57,W
207,71043,YVQ,"Norman Wells Ua, NT ",Arctic,CYVQ,NORMAN WELLS,NT,CA,73,65.28,N,126.8,W
208,71081,YUX,"Hall Beach, NT ",Arctic,CYUX,HALL BEACH,NT,CA,8,68.78,N,81.25,W
209,71082,WLT,"Alert, NT ",Arctic,CWLT,ALERT BAY,NT,CA,63,82.5,N,62.33,W
210,71109,YZT,"Port Hardy, BC ",Arctic,CYZT,PORT HARDY,BC,CA,22,50.68,N,127.37,W
211,71119,WSE,"Edmonton Stony Plain, AB ",Arctic,CWSE,EDMONTON,AB,CA,766,53.55,N,114.1,W
212,71802,AYT,"Mt Pearl, NF ",Arctic,CWDS,ST LAWRENCE,NF,CA,49,46.92,N,55.38,W
213,71811,YZV,"Sept-Iles, QB ",Arctic,CYZV,SEPT-ILES,QB,CA,55,50.22,N,66.27,W
214,71815,YJT,"Stephenville, NF ",Arctic,CYJT,STEPHENVILLE,NF,CA,26,48.53,N,58.55,W
215,71816,YYR,"Goose Bay, NF ",Arctic,CYYR,GOOSE BAY,NF,CA,44,53.3,N,60.37,W
216,71823,YAH,"La Grande Iv, QB ",Arctic,CZAG,LA GRANDE,QB,CA,313,53.75,N,73.67,W
217,71867,YQD,"The Pas, MB ",Arctic,CYQD,THE PAS,MN,CA,271,53.97,N,101.1,W
218,71906,YVP,"Kuujjuaq, QB ",Arctic,CYVP,KUUJJUAQ,QB,CA,37,58.1,N,68.42,W
219,71907,WPH,"Inukjuak, QB ",Arctic,CWPH,INUKJUAK,QB,CA,3,58.45,N,78.12,W
220,71908,ZXS,"Prince George, BC ",Arctic,CZXS,PRINCE GEORGE,BC,CA,601,53.9,N,122.8,W
221,71909,YFB,"Iqaluit, NT ",Arctic,CYFB,FROBISHER BAY/IQAL,NT,CA,34,63.75,N,68.53,W
222,71913,YYQ,"Churchill, MB ",Arctic,CYYQ,CHURCHILL,MN,CA,29,58.75,N,94.07,W
223,71917,WEU,"Eureka, NT ",Arctic,CWEU,EUREKA,NT,CA,10,79.98,N,85.93,W
224,71924,YRB,"Resolute, NT ",Arctic,CYRB,RESOLUTE BAY,NT,CA,67,74.72,N,94.98,W
225,71925,YCB,"Cambridge Bay, NT ",Arctic,CYCB,CAMBRIDGE BAY,NT,CA,27,69.1,N,105.12,W
226,71926,YBK,"Baker Lake, NT ",Arctic,CYBK,BAKER LAKE,NT,CA,18,64.3,N,96.08,W
227,71945,YYE,"Fort Nelson, BC ",Arctic,CYYE,FORT NELSON,BC,CA,382,58.83,N,122.6,W
228,71957,YEV,"Inuvik, NT ",Arctic,CYEV,INUVIK,NT,CA,68,68.3,N,133.48,W
229,71964,YXY,"Whitehorse, YT ",Arctic,CYXY,WHITEHORSE,YK,CA,703,60.72,N,135.07,W
230,72797,UIL,"Quillayute, WA ",Arctic,KUIL,QUILLAYUTE,WA,US,62,47.95,N,124.55,W
231,73033,CWVK,"Vernon, BC ",Arctic,CWVK,VERNON BRIDGE,BC,CA,555,50.22,N,119.27,W
232,48698,WSSS,Singapore ,SEA,WSSS,SINGAPORE/CHANGI,,SR,16,1.37,N,103.98,E
233,82022,SBBV,Boa Vista ,North_America,SBBV,BOA VISTA/AIRPORT,,BZ,140,2.83,N,60.7,W
234,1241,ENOL,Orland ,Europe,ENOL,ORLAND III (NOR-AF,,NO,7,63.7,N,9.6,E
235,1400,,Ekofisk,Europe,ENEK,EKOFISK,,NO,46,56.53,N,3.22,E
236,3005,,Lerwick,Europe,,LERWICK/SHETLAND I,,UK,84,60.13,N,1.18,W
237,3808,,Camborne,Europe,,CAMBORNE,,UK,88,50.22,N,5.32,W
238,10035,,Schleswig,Europe,,SCHLESWIG,,DL,48,54.53,N,9.55,E
239,10113,,Norderney,Europe,,NORDERNEY,,DL,11,53.71,N,7.15,E
240,10184,,Greifswald,Europe,,GREIFSWALD,,DL,6,54.1,N,13.4,E
241,10393,,Lindenberg,Europe,,LINDENBERG,,DL,112,52.22,N,14.12,E
242,10410,EDZE,Essen ,Europe,EDZE,ESSEN/MULHEIM,,DL,161,51.4,N,6.97,E
243,10548,,Meiningen,Europe,,MEININGEN,,DL,453,50.57,N,10.37,E
244,10739,,Stuttgart/Schnarrenberg,Europe,,STUTTGART/SCHNARRE,,DL,311,48.83,N,9.2,E
245,10868,,Muenchen-Oberschlssheim,Europe,,MUNICH/OBERSCHLEIS,,DL,489,48.25,N,11.58,E
246,11520,,Praha-Libus,Europe,,PRAGUE/LIBUS,,CZ,304,50.0,N,14.45,E
247,11747,,Prostejov,Europe,,PROSTEJOV,,CZ,216,49.45,N,17.13,E
248,11952,,Poprad-Ganovce,Europe,,POPRAD/GANOVCE,,LO,706,49.03,N,20.32,E
249,12120,,Leba,Europe,,LEBA,,PL,2,54.75,N,17.53,E
250,12374,,Legionowo,Europe,,LEGIONOWO,,PL,96,52.4,N,20.97,E
251,12425,,Wroclaw I,Europe,,WROCLAW/MALY GADOW,,PL,116,51.13,N,16.98,E
252,12843,,Budapest/Lorinc,Europe,,BUDAPEST/LORINC,,HU,139,47.43,N,19.18,E
253,12982,LHUD,Szeged ,Europe,LHUD,SZEGED (AUT),,HU,83,46.25,N,20.1,E
254,13275,,Beograd/Kosutnjak,Europe,,BEOGRAD KOSUTNJAK,,YG,203,44.77,N,20.42,E
255,13388,LYNI,Nis ,Europe,LYBM,NIS,,YG,203,43.33,N,21.9,E
256,14240,LDDD,Zagreb/Maksimir ,Europe,LDDD,ZAGREB/MAKSIMIR,,RH,123,45.82,N,16.03,E
257,15420,LRBS,Bucuresti Inmh-Banesa ,Europe,LRBS,BUCHAREST/BANEASA,,RO,91,44.48,N,26.18,E
258,15614,LBSF,Sofia (Observ) ,Europe,LBSF,SOFIA (OBSERVATORY,,BU,595,42.65,N,23.38,E
259,16045,LIPI,Rivolto ,Europe,LIPI,RIVOLTO AFB,,IY,53,45.98,N,13.03,E
260,16144,,S Pietro Capofiume,Europe,,S. PIETRO CAPOFIUM,,IY,38,44.65,N,11.62,E
261,16245,LIRE,Pratica Di Mare ,Europe,LIRE,PRATICA DI MARE(AB,,IY,12,41.65,N,12.43,E
262,16429,LICT,Trapani/Birgi ,Europe,LICT,TRAPANI/BIRGI (AFB,,IY,7,37.92,N,12.5,E
263,16546,LIED,Decimomannu ,Europe,LIED,DECIMOMANNU,,IY,30,39.35,N,8.97,E
264,16716,LGAT,Athinai (Airport) ,Europe,LGAT,ATHENS/HELLENKION,,GR,15,37.9,N,23.73,E
265,17030,,Samsun,Europe,,SAMSUN CITY,,TU,4,41.28,N,36.33,E
266,17064,,Istanbul/Kartal,Europe,,ISTANBUL/KARTAL,,TU,18,40.9,N,29.15,E
267,17196,LTAU,Kayseri ,Europe,LTAM,KAISERI CITY,,TU,1043,38.72,N,35.5,E
268,17220,,Izmir/Guzelyali,Europe,,IZMIR,,TU,29,38.43,N,27.17,E
269,17240,LTBM,Isparta ,Europe,LTBM,ISPARTA,,TU,997,37.75,N,30.55,E
270,17351,,Adana/Bolge,Europe,,ADANA/BOLGE,,TU,28,36.98,N,35.35,E
271,22820,,"Petrozavodsk, LE",Europe,,PETROZAVODSK,LE,RS,112,61.82,N,34.27,E
272,22845,,"Kargopol, AR",Europe,,KARGOPOL',AR,RS,121,61.5,N,38.93,E
273,26075,ULLI,"St.Petersburg(Voejkovo), St.Petersburg(Voejkovo), LE ",Europe,,ST. PETERSBURG,LE,RS,72,59.95,N,30.7,E
274,26298,,"Bologoe, LE",Europe,,BOLOGOE,LE,RS,178,57.9,N,34.05,E
275,26477,ULOL,"Velikie Luki, LE ",Europe,ULOL,VELIKIE LUKI,LE,RS,98,56.38,N,30.6,E
276,26781,,"Smolensk, MI",Europe,,SMOLENSK,MI,RS,241,54.75,N,32.07,E
277,27038,ULWW,"Vologda, AR ",Europe,,VOLOGDA,AR,RS,130,59.32,N,39.93,E
278,27199,,"Kirov, MS",Europe,,KIROV,MS,RS,158,58.6,N,49.63,E
279,27459,,"Niznij Novgorod, MS",Europe,,NIZNIJ NOVGOROD,MS,RS,157,56.27,N,44.0,E
280,27594,,"Kazan (Vyzaovye), MS",Europe,,KAZAN',,RS,127,55.82,N,48.52,E
281,27713,,"Moskva (Dolgoprudnyj), MS",Europe,UUDD,MOSCOW POLGOPRUDNY,MS,RS,179,55.4,N,37.9,E
282,27707,,"Suhinici, MS",Europe,,SUHINICI,MS,RS,239,54.12,N,35.33,E
283,27730,,"Rjazan, MS",Europe,,RJAZAN',MS,RS,158,54.63,N,39.7,E
284,27962,UWPP,"Penza, MS ",Europe,UWPP,PENZA,MS,RS,174,53.13,N,45.02,E
285,27995,,"Samara (Bezencuk), MS",Europe,,BEZENCUKSKAJA,MS,RS,45,52.98,N,49.43,E
286,34009,,"Kursk, MS",Europe,,KURSK,MS,RS,247,51.77,N,36.17,E
287,34122,UUOO,"Voronez, MS ",Europe,UUOO,VORONEZ,MS,RS,154,51.7,N,39.17,E
288,34172,,"Saratov, MS",Europe,UWSS,SARATOV,MS,RS,156,51.57,N,46.03,E
289,34247,,"Kalac, MS",Europe,,KALAC,MS,RS,93,50.42,N,41.05,E
290,34467,URWW,"Volgograd, TB ",Europe,,VOLOGRAD,TB,RS,141,48.78,N,44.33,E
291,34731,URRR,"Rostov-Na-Donu, TB ",Europe,URRR,ROSTOV-NA-DONU,TB,RS,77,47.25,N,39.82,E
292,37011,,"Tuapse, TB",Europe,,TUAPSE,TB,RS,52,44.1,N,39.03,E
293,12374,,Legionowo,Middle_East,,LEGIONOWO,,PL,96,52.4,N,20.97,E
294,13388,LYNI,Nis ,Middle_East,LYBM,NIS,,YG,203,43.33,N,21.9,E
295,15420,LRBS,Bucuresti Inmh-Banesa ,Middle_East,LRBS,BUCHAREST/BANEASA,,RO,91,44.48,N,26.18,E
296,15614,LBSF,Sofia (Observ) ,Middle_East,LBSF,SOFIA (OBSERVATORY,,BU,595,42.65,N,23.38,E
297,16716,LGAT,Athinai (Airport) ,Middle_East,LGAT,ATHENS/HELLENKION,,GR,15,37.9,N,23.73,E
298,17030,,Samsun,Middle_East,,SAMSUN CITY,,TU,4,41.28,N,36.33,E
299,17064,,Istanbul/Kartal,Middle_East,,ISTANBUL/KARTAL,,TU,18,40.9,N,29.15,E
300,17095,ERZM,Erzurum ,Middle_East,,ERZURUM BOLGE,,TU,1869,39.9,N,41.28,E
301,17196,LTAU,Kayseri ,Middle_East,LTAM,KAISERI CITY,,TU,1043,38.72,N,35.5,E
302,17220,,Izmir/Guzelyali,Middle_East,,IZMIR,,TU,29,38.43,N,27.17,E
303,17240,LTBM,Isparta ,Middle_East,LTBM,ISPARTA,,TU,997,37.75,N,30.55,E
304,17351,,Adana/Bolge,Middle_East,,ADANA/BOLGE,,TU,28,36.98,N,35.35,E
305,27962,UWPP,"Penza, MS ",Middle_East,UWPP,PENZA,MS,RS,174,53.13,N,45.02,E
306,27995,,"Samara (Bezencuk), MS",Middle_East,,BEZENCUKSKAJA,MS,RS,45,52.98,N,49.43,E
307,28951,,"Kostanai, AK",Middle_East,,KOSTANAI,AL,RA,171,53.23,N,63.62,E
308,34009,,"Kursk, MS",Middle_East,,KURSK,MS,RS,247,51.77,N,36.17,E
309,34122,UUOO,"Voronez, MS ",Middle_East,UUOO,VORONEZ,MS,RS,154,51.7,N,39.17,E
310,34172,,"Saratov, MS",Middle_East,UWSS,SARATOV,MS,RS,156,51.57,N,46.03,E
311,34247,,"Kalac, MS",Middle_East,,KALAC,MS,RS,93,50.42,N,41.05,E
312,34467,URWW,"Volgograd, TB ",Middle_East,,VOLOGRAD,TB,RS,141,48.78,N,44.33,E
313,34731,URRR,"Rostov-Na-Donu, TB ",Middle_East,URRR,ROSTOV-NA-DONU,TB,RS,77,47.25,N,39.82,E
314,34858,,"Divnoe, TB",Middle_East,,DIVNOE,TB,RS,77,46.92,N,45.35,E
315,34882,,"Astrakhan, TB",Middle_East,,ASTRAHAN',TB,RS,-17,46.28,N,47.98,E
316,35121,,"Orenburg, AL",Middle_East,UWOO,ORENBURG,AL,RA,109,51.78,N,55.22,E
317,35229,UATT,"Aktjubinsk, AL ",Middle_East,UATT,AKTJUBINSK,AL,RA,227,50.3,N,57.23,E
318,35700,,"Atyran, AL",Middle_East,,GUR'EV,AL,RA,-15,47.02,N,51.85,E
319,37011,,"Tuapse, TB",Middle_East,,TUAPSE,TB,RS,52,44.1,N,39.03,E
320,37259,,Mahachkala,Middle_East,,MAHACHKALA,TB,RS,19,43.02,N,47.48,E
321,40179,,Bet Dagan,Middle_East,,BET DAGAN,,IS,30,32.0,N,34.82,E
322,40373,OEPA,Al-Qaisumah ,Middle_East,OEPA,HAFR AL-BATIN ARPT,,SD,355,28.33,N,46.12,E
323,40394,OEHL,Hail ,Middle_East,OEHL,HAIL,,SD,1013,27.52,N,41.73,E
324,40417,OEDF,K.F.I.A.-Dammam ,Middle_East,OEDF,KING FAHAD INTERNA,,SD,12,26.45,N,49.82,E
325,40430,OEMA,Al-Madinah ,Middle_East,OEMA,MADINAH INTL ARPT,,SD,631,24.55,N,39.72,E
326,40437,OERK,King Khaled Intl Arpt ,Middle_East,OERK,RIYADH/KING KHALID,,SD,612,24.93,N,46.72,E
327,40706,OITT,Tabriz ,Middle_East,OITT,TABRIZ(IRAN-AB/CIV,,IR,1361,38.08,N,46.28,E
328,40754,OIII,Tehran-Mehrabad ,Middle_East,OIII,TEHRAN/MEHRABAD AF,,IR,1191,35.68,N,51.35,E
329,40809,OIMB,Birjand ,Middle_East,OIMB,BIRJAND,,IR,1491,32.87,N,59.2,E
330,40841,OIKK,Kerman ,Middle_East,OIKK,KERMAN,,IR,1754,30.25,N,56.97,E
331,41024,OEJN,Jeddah (King Abdul Aziz) ,Middle_East,OEJN,JEDDAH/ABDUL AZIZ,,SD,12,21.67,N,39.15,E
332,41112,OEAB,Abha ,Middle_East,OEAB,ABHA,,SD,2084,18.23,N,42.65,E
333,41217,OMAA,Abu Dhabi Inter Arpt ,Middle_East,OMAA,ABU DHABI INTL,,ER,27,24.43,N,54.65,E
334,93112,NZWP,Whenuapai ,New_Zealand,NZWP,WHENUAPAI (NZ-AFB),,NZ,27,36.78,S,174.63,E
335,93417,NZPP,Paraparaumu Aerodrome ,New_Zealand,NZPP,PARAPARAUMU AERO,,NZ,12,40.9,S,174.98,E
336,93844,NZNV,Invercargill Aerodrome ,New_Zealand,NZNV,INVERCARGILL AERO,,NZ,1,46.42,S,168.33,E
337,4220,BGEM,Aasiaat (Egedesminde) ,North_America,BGEM,EGEDESMINDE/AUSIAT,,GL,41,68.7,N,52.85,W
338,4270,BGBW,Narsarsuaq ,North_America,BGBW,NARSARSSUAK,,GL,26,61.18,N,45.42,W
339,4360,BGAM,Tasiilaq (Ammassalik) ,North_America,BGAM,ANGMAGSSALIK,,GL,52,65.6,N,37.63,W
340,32618,,"Nikolskoe, HA",North_America,,NIKOLSKOE/BERINGA,HA,RU,6,55.2,N,165.98,E
341,70026,PABR,"Barrow/W. Post W.Rogers, AK ",North_America,PBRW,BARROW/POST-ROG,AK,US,3,71.3,N,156.78,W
342,70133,PAOT,"Kotzebue, Ralph Wien, AK ",North_America,POTZ,KOTZEBUE,AK,US,6,66.87,N,162.63,W
343,70200,PAOM,"Nome, AK ",North_America,POME,NOME,AK,US,6,64.5,N,165.43,W
344,70219,PABE,"Bethel/Bethel Airport, AK ",North_America,PBET,BETHEL ARPT,AK,US,45,60.78,N,161.8,W
345,70231,PAMC,"Mcgrath, AK ",North_America,PMCG,MCGRATH,AK,US,103,62.97,N,155.62,W
346,70261,PAFA,"Fairbanks/Int, AK ",North_America,PFAI,FAIRBANKS,AK,US,138,64.82,N,147.87,W
347,70273,PANC,"Anchorage/Int, AK ",North_America,PANC,ANCHORAGE INTL,AK,US,40,61.17,N,150.02,W
348,70308,PASN,"St. Paul, AK ",North_America,PSNP,SAINT PAUL IS.,AK,US,8,57.15,N,170.22,W
349,70316,PACD,"Cold Bay, AK ",North_America,PCDB,COLD BAY,AK,US,31,55.2,N,162.72,W
350,70326,PAKN,"King Salmon, AK ",North_America,PAKN,KING SALMON,AK,US,14,58.68,N,156.65,W
351,70350,PADQ,"Kodiak, AK ",North_America,PADQ,KODIAK,AK,US,33,57.73,N,152.52,W
352,70361,PAYA,"Yakutat, AK ",North_America,PYAK,YAKUTAT,AK,US,9,59.5,N,139.68,W
353,70398,PANT,"Annette Island, AK ",North_America,PANN,ANNETTE ISLAND,AK,US,33,55.03,N,131.57,W
354,70414,PASY,"Shemya Afb, AK ",North_America,PASY,SHEMYA AFB,AK,US,30,52.72,N,174.12,W
355,71043,YVQ,"Norman Wells Ua, NT ",North_America,CYVQ,NORMAN WELLS,NT,CA,73,65.28,N,126.8,W
356,71081,YUX,"Hall Beach, NT ",North_America,CYUX,HALL BEACH,NT,CA,8,68.78,N,81.25,W
357,71109,YZT,"Port Hardy, BC ",North_America,CYZT,PORT HARDY,BC,CA,22,50.68,N,127.37,W
358,71119,WSE,"Edmonton Stony Plain, AB ",North_America,CWSE,EDMONTON,AB,CA,766,53.55,N,114.1,W
359,71603,YQI,"Yarmouth, NS ",North_America,CWQI,YARMOUTH,NS,CA,41,43.83,N,66.08,W
360,71722,WMW,"Maniwaki, QB ",North_America,CWMW,MANIWAKI,QB,CA,170,46.38,N,75.97,W
361,71802,AYT,"Mt Pearl, NF ",North_America,CWDS,ST LAWRENCE,NF,CA,49,46.92,N,55.38,W
362,71811,YZV,"Sept-Iles, QB ",North_America,CYZV,SEPT-ILES,QB,CA,55,50.22,N,66.27,W
363,71815,YJT,"Stephenville, NF ",North_America,CYJT,STEPHENVILLE,NF,CA,26,48.53,N,58.55,W
364,71816,YYR,"Goose Bay, NF ",North_America,CYYR,GOOSE BAY,NF,CA,44,53.3,N,60.37,W
365,71823,YAH,"La Grande Iv, QB ",North_America,CZAG,LA GRANDE,QB,CA,313,53.75,N,73.67,W
366,71845,WPL,"Pickle Lake, ON ",North_America,CYPL,PICKLE LAKE,ON,CA,373,51.47,N,90.2,W
367,71867,YQD,"The Pas, MB ",North_America,CYQD,THE PAS,MN,CA,271,53.97,N,101.1,W
368,71906,YVP,"Kuujjuaq, QB ",North_America,CYVP,KUUJJUAQ,QB,CA,37,58.1,N,68.42,W
369,71907,WPH,"Inukjuak, QB ",North_America,CWPH,INUKJUAK,QB,CA,3,58.45,N,78.12,W
370,71908,ZXS,"Prince George, BC ",North_America,CZXS,PRINCE GEORGE,BC,CA,601,53.9,N,122.8,W
371,71909,YFB,"Iqaluit, NT ",North_America,CYFB,FROBISHER BAY/IQAL,NT,CA,34,63.75,N,68.53,W
372,71913,YYQ,"Churchill, MB ",North_America,CYYQ,CHURCHILL,MN,CA,29,58.75,N,94.07,W
373,71924,YRB,"Resolute, NT ",North_America,CYRB,RESOLUTE BAY,NT,CA,67,74.72,N,94.98,W
374,71925,YCB,"Cambridge Bay, NT ",North_America,CYCB,CAMBRIDGE BAY,NT,CA,27,69.1,N,105.12,W
375,71926,YBK,"Baker Lake, NT ",North_America,CYBK,BAKER LAKE,NT,CA,18,64.3,N,96.08,W
376,71934,YSM,"Fort Smith, NT ",North_America,CYSM,FORT SMITH,NT,CA,203,60.02,N,111.95,W
377,71945,YYE,"Fort Nelson, BC ",North_America,CYYE,FORT NELSON,BC,CA,382,58.83,N,122.6,W
378,71957,YEV,"Inuvik, NT ",North_America,CYEV,INUVIK,NT,CA,68,68.3,N,133.48,W
379,71964,YXY,"Whitehorse, YT ",North_America,CYXY,WHITEHORSE,YK,CA,703,60.72,N,135.07,W
380,72201,EYW,"Key West/Int, FL ",North_America,KEYW,KEY WEST INTL,FL,US,6,24.55,N,81.75,W
381,72202,MFL,"Miami, FL ",North_America,KMIA,MIAMI INTL,FL,US,4,25.82,N,80.28,W
382,72206,JAX,"Jacksonville Intl, FL ",North_America,KJAX,JACKSONVILLE,FL,US,9,30.43,N,81.62,W
383,72208,CHS,"Charleston/Muni, SC ",North_America,KCHS,CHARLESTON,SC,US,14,32.9,N,80.03,W
384,72210,TBW,"Tampa Bay Area, FL ",North_America,KTBW,TAMPA BAY,FL,US,13,27.7,N,82.4,W
385,72214,TLH,"Tallahassee Fsu, FL ",North_America,KTLH,TALLAHASSEE,FL,US,18,30.4,N,84.35,W
386,72215,FFC,"Peachtree City, GA ",North_America,KFFC,ATLANTA/PEACHTREE,GA,US,264,33.37,N,84.57,W
387,72230,BMX,"Shelby County Airport, AL ",North_America,KBMX,BIRMINGHAM/SHELBY,AL,US,178,33.17,N,86.77,W
388,72233,LIX,"Slidell Muni, LA ",North_America,KSIL,SLIDELL,LA,US,3,30.25,N,89.77,W
389,72235,JAN,"Jackson Thompson Fld, MS ",North_America,KJAN,JACKSON,MS,US,101,32.32,N,90.08,W
390,72240,LCH,"Lake Charles/Muni, LA ",North_America,KLCH,LAKE CHARLES,LA,US,10,30.12,N,93.22,W
391,72248,SHV,"Shreveport Reg, LA ",North_America,KSHV,SHREVEPORT WSO,LA,US,84,32.45,N,93.47,W
392,72249,FWD,"Ft Worth, TX ",North_America,KFWD,FORT WORTH,TX,US,196,32.8,N,97.3,W
393,72250,BRO,"Brownsville Intl, TX ",North_America,KBRO,BROWNSVILLE,TX,US,6,25.9,N,97.43,W
394,72251,CRP,"Corpus Christi Intl, TX ",North_America,KCRP,CORPUS CHRISTI,TX,US,13,27.77,N,97.5,W
395,72261,DRT,"Del Rio/Int, TX ",North_America,KDRT,DEL RIO,TX,US,313,29.37,N,100.92,W
396,72265,MAF,"Midland/Midland Reg, TX ",North_America,KMAF,MIDLAND REGIONAL,TX,US,872,31.95,N,102.18,W
397,72274,TUS,"Tucson, AZ ",North_America,KTUS,TUCSON,AZ,US,779,32.12,N,110.93,W
398,72293,NKX,"San Diego/Miramar, CA ",North_America,KMYF,SAN DIEGO,CA,US,124,32.82,N,117.13,W
399,72305,MHX,"Newport, NC ",North_America,KMHX,MOREHEAD/NEWPORT,NC,US,11,34.7,N,76.8,W
400,72317,GSO,"Greensboro/High Pt, NC ",North_America,KGSO,GREENSBORO-HIGH,NC,US,270,36.08,N,79.95,W
401,72318,RNK,"Blacksburg, VA ",North_America,KRNK,ROANOKE,VA,US,648,37.2,N,80.42,W
402,72327,BNA,"Nashville/Old Hickory, TN ",North_America,KBNA,NASHVILLE,TN,US,180,36.12,N,86.68,W
403,72340,LZK,"Little Rock/Adams, AR ",North_America,KLZK,LITTLE ROCK,AR,US,165,34.13,N,92.25,W
404,72357,OUN,"Norman/Westheimer, OK ",North_America,KOUN,NORMAN,OK,US,362,35.23,N,97.47,W
405,72363,AMA,"Amarillo Arpt(Awos), TX ",North_America,KAMA,AMARILLO,TX,US,1099,35.23,N,101.7,W
406,72364,EPZ,"Santa Teresa, NM ",North_America,KEPZ,EL PASO,TX,US,1377,31.9,N,106.7,W
407,72365,ABQ,"Albuquerque/Int, NM ",North_America,KABQ,ALBUQUERQUE,NM,US,1613,35.05,N,106.6,W
408,72376,FGZ,"Flagstaff, AZ ",North_America,KFSX,FLAGSTAFF,AZ,US,2192,35.23,N,111.82,W
409,72388,VEF,"Las Vegas, NV ",North_America,KVEF,LAS VEGAS,NV,US,697,36.05,N,115.18,W
410,72393,VBG,"Vandenberg Afb, Vandenberg Afb, CA ",North_America,KVBG,VANDENBERG AFB,CA,US,112,34.73,N,120.58,W
411,72402,WAL,"Wallops Island, VA ",North_America,KWAL,WALLOPS ISLAND,VA,US,3,37.85,N,75.48,W
412,72403,IAD,"Sterling, VA ",North_America,KIAD,WASHINGTON/DULLES,VA,US,98,38.95,N,77.45,W
413,72426,ILN,"Wilmington, OH ",North_America,KILN,WILMINGTON,OH,US,307,39.42,N,83.82,W
414,72440,SGF,"Springfield/Muno., MO ",North_America,KSGF,SPRINGFIELD,MO,US,392,37.23,N,93.4,W
415,72451,DDC,"Dodge City(Awos), KS ",North_America,KDDC,DODGE CITY,KS,US,790,37.77,N,99.97,W
416,72456,TOP,"Topeka/Billard Muni, KS ",North_America,KTOP,TOPEKA/BILLARD,KS,US,270,39.07,N,95.62,W
417,72476,GJT,"Grand Junction/Walker, CO ",North_America,KGJT,GRAND JUNCTION,CO,US,1475,39.12,N,108.53,W
418,72489,REV,"Reno, NV ",North_America,KREV,RENO,NV,US,1515,39.57,N,119.78,W
419,72493,OAK,"Oakland Int, CA ",North_America,KOAK,OAKLAND,CA,US,3,37.73,N,122.22,W
420,72501,OKX,"Upton, NY ",North_America,KOKX,BROOKHAVEN,NY,US,20,40.87,N,72.87,W
421,72518,ALB,"Albany, NY ",North_America,KALB,ALBANY,NY,US,89,42.75,N,73.8,W
422,72520,PIT,"Pittsburgh/Moon, PA ",North_America,KPIT,PITTSBURGH,PA,US,373,40.5,N,80.22,W
423,72528,BUF,"Buffalo Int, NY ",North_America,KBUF,BUFFALO,NY,US,215,42.93,N,78.73,W
424,72558,OAX,"Omaha/Valley, NE ",North_America,KOAX,OMAHA VALLEY,NE,US,350,41.32,N,96.37,W
425,72562,LBF,"North Platte/Lee Bird, NE ",North_America,KLBF,NORTH PLATTE,NE,US,849,41.13,N,100.68,W
426,72572,SLC,"Salt Lake City/Intnl, UT ",North_America,KSLC,SALT LAKE CITY,UT,US,1288,40.78,N,111.97,W
427,72582,LKN,"Elko, NV ",North_America,KEKO,ELKO,NV,US,1367,40.87,N,115.73,W
428,72597,MFR,"Medford/Jackson, OR ",North_America,KMFR,MEDFORD,OR,US,405,42.37,N,122.87,W
429,72632,DTX,"White Lake, MI ",North_America,KDTX,DETROIT,MI,US,329,42.68,N,83.47,W
430,72634,APX,"Gaylord, MI ",North_America,KAPX,GAYLORD,MI,US,446,44.92,N,84.72,W
431,72645,GRB,"Green Bay/Straubel, WI ",North_America,KGRB,GREEN BAY,WI,US,214,44.48,N,88.13,W
432,72649,MPX,"Chanhassen, MN ",North_America,KMPX,CHANHASSEN,MN,US,287,44.85,N,93.57,W
433,72659,ABR,"Aberdeen/Reg, SD ",North_America,KABR,ABERDEEN,SD,US,397,45.45,N,98.42,W
434,72662,RAP,"Rapid City, SD ",North_America,KRAP,RAPID CITY REGIONA,SD,US,966,44.05,N,103.07,W
435,72672,RIW,"Riverton, WY ",North_America,KRIW,RIVERTON,WY,US,1688,43.0,N,108.5,W
436,72681,BOI,"Boise/Mun, ID ",North_America,KBOI,BOISE MUNICIPAL,ID,US,874,43.57,N,116.22,W
437,72694,SLE,"Salem/Mcnary, OR ",North_America,KSLE,SALEM/McNARY,OR,US,61,44.92,N,123.0,W
438,72712,CAR,"Caribou/Mun, ME ",North_America,KCAR,CARIBOU MUNICIPAL,ME,US,190,46.87,N,68.02,W
439,72747,INL,"Int.Falls/Falls Int, MN ",North_America,KINL,INTERNATIONAL FALL,MN,US,361,48.57,N,93.38,W
440,72764,BIS,"Bismarck/Mun, ND ",North_America,KBIS,BISMARCK,ND,US,506,46.77,N,100.75,W
441,72768,GGW,"Glasgow/Int, MT ",North_America,KGGW,GLASGOW,MT,US,700,48.22,N,106.62,W
442,72776,TFX,"Great Falls, MT ",North_America,KTFX,GREAT FALLS,MT,US,1130,47.45,N,111.38,W
443,72786,OTX,"Spokane, WA ",North_America,KGEG,SPOKANE INTL,WA,US,728,47.68,N,117.63,W
444,72797,UIL,"Quillayute, WA ",North_America,KUIL,QUILLAYUTE,WA,US,62,47.95,N,124.55,W
445,73033,CWVK,"Vernon, BC ",North_America,CWVK,VERNON BRIDGE,BC,CA,555,50.22,N,119.27,W
446,74389,GYX,"Gray, ME ",North_America,KGYX,GRAY,ME,US,125,43.88,N,70.25,W
447,74455,DVN,"Davenport, IA ",North_America,KDVN,DAVENPORT/QUAD CIT,IA,US,229,41.62,N,90.57,W
448,74560,ILX,"Lincoln, IL ",North_America,KILX,LINCOLN,IL,US,178,40.15,N,89.33,W
449,74646,LMN,"Lamont Oklahoma, OK ",North_America,KLMN,LAMONT (ARM-CART),OK,US,317,36.62,N,97.48,W
450,76225,,"Chihuahua, Chih.",North_America,MMCU,CHIHUAHUA,,MX,1435,28.63,N,106.08,W
451,74794,XMR,"Cape Kennedy, FL ",North_America,KXMR,CAPE CANAVERAL,FL,US,3,28.47,N,80.55,W
452,76256,,"Empalme, Son.",North_America,MGYM,EMPALME,,MX,11,27.92,N,110.9,W
453,76405,,"La Paz, B.C.S.",North_America,MMLP,LA PAZ,,MX,27,24.13,N,110.42,W
454,76458,,Colonia Juancarrasco,North_America,MMMZ,MAZATLAN,,MX,4,23.2,N,106.42,W
455,76526,,Guadalupe,North_America,MZAC,ZACATECAS,,MX,2265,22.75,N,102.5,W
456,76595,,Cancun,North_America,MCUN,CANCUN,,MX,10,21.03,N,87.02,W
457,76612,,"Guadalajara, Jal.",North_America,MMGL,GUADALAJARA,,MX,1551,20.67,N,103.38,W
458,76644,MMMD,Aerop.Internacional Yuc ,North_America,MMMD,MERIDA,,MX,9,20.98,N,89.65,W
459,76654,,"Manzanillo, Col.",North_America,MMZO,MANZANILLO,,MX,3,19.05,N,104.33,W
460,76679,,"Aerop. Intl Mexico, D.F.",North_America,MMMX,MEXICO CITY,,MX,2234,19.43,N,99.08,W
461,76692,,Hacienda Ylang Ylang Ver,North_America,MMVR,VERACRUZ,,MX,35,19.15,N,96.12,W
462,78016,TXKF,Bermuda Nvl Stn Kindley ,North_America,TXKF,BERMUDA NAS,,BE,13,32.27,N,64.85,W
463,78384,MWCR,Owen Roberts Arpt ,North_America,MWCR,OWEN ROBERTS,,CI,3,19.28,N,81.35,W
464,78397,MKJP,Kingston/Norman Manley ,North_America,MKJP,KINGSTON,,JM,14,17.93,N,76.78,W
465,78486,MDSD,Santo Domingo ,North_America,MDSD,SANTO DOMINGO,,DR,14,18.43,N,69.88,W
466,78526,TJSJ,San Juan/Int ,North_America,TJSJ,SAN JUAN INTL,,PR,3,18.43,N,66.0,W
467,78583,MZBZ,Phillip Goldston Intl. ,North_America,MZBZ,BELIZE,,BE,5,17.53,N,88.3,W
468,78866,TNCM,Juliana Airport ,North_America,TNCM,PHILIPSBURG,,CA,9,18.05,N,63.12,W
469,78954,TBPB,Grantley Adams ,North_America,TBPB,GRANTLY ADAMS,,BA,56,13.07,N,59.48,W
470,78970,TTPP,Piarco Int. Airport ,North_America,TTPP,PIARCO,,TR,15,10.62,N,61.35,W
471,78988,TNCC,"Hato Airport, Curacao ",North_America,TNCC,CURACAO HATO,,AC,67,12.2,N,68.97,W
472,80001,SKSP,San Andres Isl ,North_America,SKSP,SAN ANDRES ISLAND,,CO,1,12.58,N,81.72,W
473,80222,SKBO,Bogota/Eldorado ,North_America,SKBO,BOGOTA/ELDORADO,,CO,2548,4.7,N,74.13,W
474,82022,SBBV,Boa Vista ,North_America,SBBV,BOA VISTA/AIRPORT,,BZ,140,2.83,N,60.7,W
475,91165,PHLI,"Lihue, HI ",North_America,PLIH,LIHUE-ON-KAUAI,HI,US,45,21.98,N,159.35,W
476,91285,PHTO,"Hilo/Gen, HI ",North_America,PHTO,HILO/LYMAN,HI,US,11,19.72,N,155.07,W
477,29839,,"Barnaul, IR",SEA,,BARNAUL,NO,RU,159,53.21,N,83.49,E
478,29862,,"Hakasskaja, NO",SEA,,HAKASSKATA,NO,RU,256,53.77,N,91.32,E
479,30635,,"Ust-Barguzin, IR",SEA,,UST-BARGUZIN,IR,RU,457,54.42,N,109.02,E
480,30715,,"Angarsk, IR",SEA,,ANGARSK,IR,RU,450,52.48,N,103.85,E
481,30758,UIAA,"Chita, IR ",SEA,UIAA,CITA/KADALA,IR,RU,685,52.02,N,113.33,E
482,30935,,"Krasnyj Chikoj, IR",SEA,,KRASNYJ CIKOJ,IR,RU,770,50.37,N,108.75,E
483,30965,,"Borzja, IR",SEA,,BORZJA,IR,RU,684,50.38,N,116.52,E
484,31538,,Sutur,SEA,,SUTUR,HA,RU,349,50.07,N,132.13,E
485,31736,,"Habarovsk, HA",SEA,,HABAROVSK,HA,RU,72,48.53,N,135.23,E
486,31873,,"Dalnerechensk, HA",SEA,,DAL'NERECENSK,HA,RU,107,45.87,N,133.73,E
487,31977,,"Vladivostok (Sad Gorod), HA",SEA,,SAD-GOROD,HB,RU,82,43.27,N,132.05,E
488,32150,UHSS,"Juzhno-Sahalinsk, HA ",SEA,UHSS,JUZNO-SAHALINSK,HA,RU,31,46.92,N,142.73,E
489,35394,,"Karaganda, AL",SEA,,KARAGANDA,AL,RU,555,49.8,N,73.13,E
490,35671,,"Zhezkazgan, AL",SEA,,DZEZKAZGAN,AL,RU,345,47.8,N,67.72,E
491,36003,,"Pavlodar, AL",SEA,,PAVLODAR,AL,RU,123,52.28,N,76.95,E
492,36096,,"Kyzyl, NO",SEA,,KYZYL,NO,RU,629,51.7,N,94.45,E
493,36872,,"Almaty, AL",SEA,,ALMATY,AL,RU,662,43.35,N,77.0,E
494,38064,,Kyzylorda,SEA,,KYSYLORDA,AL,RU,133,44.77,N,65.52,E
495,38341,,"Zhambyl, AL",SEA,,DZAMBUL,AL,RU,653,42.85,N,71.38,E
496,40809,OIMB,Birjand ,SEA,OIMB,BIRJAND,,IR,1491,32.87,N,59.2,E
497,41923,VGTJ,Dhaka ,SEA,,COMILLA,,BD,9,23.43,N,91.18,E
498,42027,,Srinagar,SEA,,SRINAGAR,,IN,1587,34.08,N,74.83,E
499,42182,VIDD,New Delhi/Safdarjung ,SEA,VIDD,DELHI/SAFDARJUNG,,IN,216,28.58,N,77.2,E
500,42339,VIJO,Jodhpur ,SEA,VIJO,JODHPUR (IN-AFB),,IN,224,26.3,N,73.02,E
501,42361,VIGR,Gwalior ,SEA,VIGR,GWALIOR (IN-AFB),,IN,207,26.23,N,78.25,E
502,42369,VILK,Lucknow/Amausi ,SEA,VILK,LUCKNOW/AMAUSI,,IN,128,26.75,N,80.88,E
503,42379,VEGK,Gorakhpur ,SEA,VEGK,GORAKHPUR (IN-AFB),,IN,77,26.75,N,83.37,E
504,42647,VAAH,Ahmadabad ,SEA,VAAH,AHMADABAD,,IN,55,23.07,N,72.63,E
505,42667,VABP,Bhopal/Bairagarh ,SEA,VABP,BHOPAL/BAIRAGARH,,IN,523,23.28,N,77.35,E
506,42809,VECC,Calcutta/Dum Dum ,SEA,VECC,CALCUTTA/DUM DUM,,IN,6,22.65,N,88.45,E
507,42867,VANP,Nagpur Sonegaon ,SEA,VANP,NAGPUR SONEGAON AF,,IN,310,21.1,N,79.05,E
508,42886,VEJH,Jharsuguda ,SEA,,JHARSUGUDA,,IN,230,21.91,N,84.08,E
509,42971,VEBS,Bhubaneswar ,SEA,VEBS,BHUBANESWAR,,IN,46,20.25,N,85.83,E
510,43041,,Jagdalpur,SEA,,JAGDALPUR,,IN,553,19.08,N,82.03,E
511,43063,,Poona,SEA,,POONA,,IN,559,18.53,N,73.85,E
512,43128,VOHY,Hyderabad Airport ,SEA,VOHY,HYDERABAD (CIV/MIL,,IN,545,17.45,N,78.47,E
513,43185,,Mapatnam,SEA,,MACHILIPATNAM,,IN,3,16.2,N,81.15,E
514,43279,VOMM,Madras/Minambakkam ,SEA,VOMM,MADRAS/MINAMBAKKAM,,IN,16,13.0,N,80.18,E
515,43333,VEPB,Port Blair ,SEA,VEPB,PORT BLAIR,,IN,79,11.67,N,92.72,E
516,43346,,Karaikal,SEA,,KARAIKAL,,IN,7,10.92,N,79.83,E
517,43353,VOCC,Cochin/Willingdon ,SEA,VOCC,COCHIN (IN-NAVY),,IN,3,9.95,N,76.27,E
518,44212,,Ulaan-Gom,SEA,,ULAN-GOM,,MO,936,49.97,N,92.08,E
519,44292,,Ulaan-Baator,SEA,,ULAN-BATOR,,MO,1313,47.93,N,106.98,E
520,44373,,Dalanzadgad,SEA,,DALANZADGAD,,MO,1470,43.58,N,104.42,E
521,45004,,Kings Park,SEA,,KING'S PARK,,HK,66,22.32,N,114.17,E
522,47102,,Baengnyeongdo,SEA,,BAENGNYEONGDO,,KO,158,37.58,N,124.38,E
523,47104,,Bukgangneung,SEA,,BUKGANGNEUNG,,KO,79,37.83,N,128.86,E
524,47122,RKSO,Osan Ab ,SEA,RKSO,OSAN (US/KOR-AFB),,KO,12,37.1,N,127.03,E
525,47138,,Pohang,SEA,,POHANG,,KO,6,36.03,N,129.38,E
526,47158,RKJJ,Kwangju Ab ,SEA,RKJJ,KWANGJU (KOR-AFB),,KO,13,35.12,N,126.82,E
527,47169,,Heuksando,SEA,,HEUKSANDO,,KO,15,34.7,N,125.4,E
528,47186,,National Typhoon Centre,SEA,,NAT TYPHOON CENTER,,KO,246,33.33,N,126.68,E
529,47401,,Wakkanai,SEA,,WAKKANAI,,JP,11,45.42,N,141.68,E
530,47412,,Sapporo,SEA,,SAPPORO,,JP,19,43.05,N,141.33,E
531,47582,,Akita,SEA,,AKITA,,JP,21,39.72,N,140.1,E
532,47646,,Tateno,SEA,,TATENO,,JP,31,36.05,N,140.13,E
533,47678,,Hachijyojima/Omure,SEA,,HACHIJOJIMA/OMURE,,JP,80,33.12,N,139.78,E
534,47807,,Fukuoka,SEA,,FUKUOKA,,JP,14,33.58,N,130.38,E
535,47827,,Kagoshima,SEA,,KAGOSHIMA/YOSHINO,,JP,31,31.63,N,130.58,E
536,47909,,Naze/Funchatoge,SEA,,NAZE/FUNCHATOGE,,JP,7,28.38,N,129.55,E
537,47918,ROIG,Ishigakijima ,SEA,ROIG,ISHIGAKIJIMA ISLAN,,JP,7,24.33,N,124.17,E
538,47945,ROMD,Minamidaitojima ,SEA,ROMD,MINAMIDAITOJIMA IS,,JP,15,25.83,N,131.23,E
539,48601,WMKP,Penang/Bayan Lepas ,SEA,WMKP,PENANG/BAYAN LEPAS,,MS,4,5.3,N,100.27,E
540,48650,,Sepang,SEA,,SEPANG (KUALA LUMP,,KL,16,2.73,N,101.7,E
541,48698,WSSS,Singapore ,SEA,WSSS,SINGAPORE/CHANGI,,SR,16,1.37,N,103.98,E
542,48820,VVNB,Ha Noi ,SEA,VVNB,HANOI/NOIBAI INTL,,VS,6,21.02,N,105.8,E
543,48855,VVDN,Da Nang ,SEA,VVDN,DA NANG INTL ARPT,,VS,7,16.03,N,108.18,E
544,48900,VVTS,Ho Chi Minh ,SEA,VVTS,HO CHI MINH/TANSON,,VS,19,10.82,N,106.67,E
545,96035,WIMM,Medan/Polonia ,SEA,WIMM,MEDAN/POLONIA (MIL,,ID,25,3.57,N,98.68,E
546,96147,WION,Ranai ,SEA,WION,RANAI (MIL/CIV),,ID,2,3.95,N,108.38,E
547,96163,WIMG,Padang/Tabing ,SEA,WIMG,PADANG/TABING,,ID,3,0.88,S,100.35,E
548,96237,WIKK,Pangkal Pinang ,SEA,WIKK,PANGKAL-PINANG,,ID,33,2.17,S,106.13,E
549,96253,WIPL,Bengkulu/Padang Kemiling ,SEA,WIPL,BENGKULA/PADANG,,ID,16,3.88,S,102.33,E
550,96413,WBGG,Kuching ,SEA,WBGG,KUCHING (CIV/MIL),,MS,27,1.48,N,110.33,E
551,96509,WRLR,Tarakan/Juwata ,SEA,WRLR,TARAKAN/JUWATA,,ID,6,3.33,N,117.57,E
552,96581,WIOO,Pontianak/Supadio ,SEA,WIOO,PONTIANAK,,ID,3,0.15,S,109.4,E
553,96685,WRBB,Banjarmasin/Syamsudin ,SEA,WRBB,BANJARMASIN NOOR,,ID,20,3.43,S,114.75,E
554,96749,WIII,Jakarta/Soekarno-Hatta ,SEA,WIII,SOEKARNO-HATTA INT,,ID,8,6.12,S,106.65,E
555,96935,WRSJ,Surabaya/Juanda ,SEA,WRSJ,SURABAYA/JUANDA MI,,ID,3,7.37,S,112.77,E
556,97014,WAMM,Menado/ Sam Ratulangi ,SEA,WAMM,MENADO/SAM RATULAN,,ID,80,1.53,N,124.92,E
557,97072,WAML,Palu/Mutiara ,SEA,WAML,PALU/MUTIARA,,ID,6,0.68,S,119.73,E
558,97372,WRKK,Kupang/Eltari ,SEA,WRKK,KUPANG/EL TARI,,ID,108,10.17,S,123.67,E
559,98223,RPLI,Laoag ,SEA,RPLI,LAOAG INTL(PH-ARMY,,PH,5,18.18,N,120.53,E
560,98328,RPUB,Baguio ,SEA,RPUB,BAGUIO,,PH,1501,16.42,N,120.6,E
561,98433,,Tanay,SEA,,TANAY,,PH,614,14.57,N,121.37,E
562,98618,RPVP,Puerto Princesa ,SEA,,PUERTO PRINCESA,,PH,15,9.75,N,118.73,E
563,98646,RPMT,Mactan ,SEA,RPMT,MACTAN INTL(CIV/AF,,PH,24,10.3,N,123.97,E
564,98753,RPMD,Davao Airport ,SEA,,DAVAO AIRPORT,,PH,18,7.12,N,125.65,E
565,78807,MPCZ,Corozal ,South_America,MPCZ,HOWARD AFB,,PN,19,8.98,N,79.58,W
566,78954,TBPB,Grantley Adams ,South_America,TBPB,GRANTLY ADAMS,,BA,56,13.07,N,59.48,W
567,78970,TTPP,Piarco Int. Airport ,South_America,TTPP,PIARCO,,TR,15,10.62,N,61.35,W
568,78988,TNCC,"Hato Airport, Curacao ",South_America,TNCC,CURACAO HATO,,AC,67,12.2,N,68.97,W
569,80001,SKSP,San Andres Isl ,South_America,SKSP,SAN ANDRES ISLAND,,CO,1,12.58,N,81.72,W
570,80028,SKBQ,Ernesto Cortissoz ,South_America,SKBQ,BARRANQUILLA/ERNES,,CO,30,10.88,N,74.78,W
571,80094,SKBG,Palonegro ,South_America,SKBG,BUCARAMANGA/PALONE,,CO,1189,7.1,N,73.2,W
572,80222,SKBO,Bogota/Eldorado ,South_America,SKBO,BOGOTA/ELDORADO,,CO,2548,4.7,N,74.13,W
573,80259,SKCL,Alfonso Bonilla Aragon ,South_America,SKCL,CALI/ALFONSO BONIL,ON,CO,969,3.55,N,76.38,W
574,80398,SKLT,Leticia/Vasquez Cobo ,South_America,SKLT,LETICIA/VASQUEZ CO,,CO,84,4.17,S,69.95,W
575,82022,SBBV,Boa Vista ,South_America,SBBV,BOA VISTA/AIRPORT,,BZ,140,2.83,N,60.7,W
576,82099,SBMQ,Macapa ,South_America,,MACAPA AIRPORT,,BZ,17,3.05,N,51.07,W
577,82026,,Tirios,South_America,,TIRIOS,,BZ,326,2.48,N,55.98,W
578,82107,,"Sao Gabriel Da Cachoeira,",South_America,,SAO GABRIEL DA CAC,,BZ,79,0.12,S,66.97,W
579,82193,SBBE,Belem (Aeroporto) ,South_America,SBBE,BELEM/VAL DE CAES,,BZ,16,1.38,S,48.48,W
580,82244,,"Santarem,",South_America,SBSN,SANTAREM/INTL,,BZ,72,2.43,S,54.72,W
581,82332,SBMN,Manaus (Aeroporto) ,South_America,SBMN,MANAUS/PONTA PELAD,,BZ,84,3.15,S,59.98,W
582,82400,SBFN,Fernando De Noronha ,South_America,SBFN,FERNANDO DE NORONH,,BZ,56,3.85,S,32.42,W
583,82411,,"Tabatinga,",South_America,SBTT,TABATINGA/INTL,,BZ,85,3.67,S,69.67,W
584,82532,,Manicore,South_America,,MANICORE (AERO),,BZ,53,5.82,S,61.28,W
585,82599,SBNT,Natal Aeroporto ,South_America,SBNT,NATAL/AUGUSTO SEVE,,BZ,52,5.92,S,35.25,W
586,82705,,Cruzerio Do Sul,South_America,,CRUZEIRO DO SUL (A,,BZ,199,7.58,S,72.76,W
587,82824,SBPV,Porto Velho (Aeroporto) ,South_America,SBPV,PORTO VELHO (CV/MI,,BZ,88,8.77,S,63.92,W
588,82917,,Rio Branco,South_America,SBRB,RIO BRANCO/MEDICI,,BZ,143,10.0,S,67.8,W
589,82965,SBAT,Alta Floresta (Aero) ,South_America,SBAT,ALTA FLORESTA,,BZ,288,9.87,S,56.1,W
590,83208,SBVH,Vilhena (Aeroporto) ,South_America,SBVH,VILHENA,,BZ,652,12.73,S,60.13,W
591,83378,SBBR,Brasilia (Aeroporto) ,South_America,SBBR,BRASILIA (CIV/MIL),,BZ,1061,15.87,S,47.93,W
592,83525,SBUL,Uberlandia ,South_America,SBUL,UBERLANDIA,,BZ,943,18.88,S,48.23,W
593,83554,,Corumba,South_America,SBCR,CORUMBA,,BZ,142,19.0,S,57.67,W
594,83566,,Confis Intnl Arpt,South_America,,CONFIS INTNL ARPT,,BZ,827,19.62,S,43.57,W
595,83612,SBCG,Campo Grande (Aero) ,South_America,SBCG,CAMPO GRANDE INTL,,BZ,556,20.47,S,54.67,W
596,83649,,Vitoria,South_America,SBVT,VITORIA/GOIABEIRAS,,BZ,4,20.27,S,40.28,W
597,83746,SBGL,Galeao ,South_America,SBGL,GALEAO/RIO(CIV/MIL,,BZ,6,22.82,S,43.25,W
598,83768,SBLO,Londrina ,South_America,SBLO,LONDRINA AIRPORT,,BZ,570,23.33,S,51.13,W
599,83779,SBMT,Marte Civ/Mil ,South_America,,MARTE APRT,,BZ,722,23.5,S,46.6,W
600,83827,SBFI,Foz Do Iguacu (Aero) ,South_America,SBFI,FOZ DO IGUACU ARPT,,BZ,243,25.52,S,54.58,W
601,83840,SBCT,Curitiba (Aeroporto) ,South_America,SBCT,CURITIBA/AFONSO PE,,BZ,908,25.52,S,49.17,W
602,83899,SBFL,Florianopolis ,South_America,SBFL,FLORIANOPOLIS ARPT,,BZ,5,27.67,S,48.55,W
603,83928,SBUG,Uruguaniana ,South_America,SBUG,URUGUAIANA/RUBEM,,BZ,74,29.78,S,57.03,W
604,83937,SBSM,Santa Maria ,South_America,SBSM,SANTA MARIA/AIRPOR,,BZ,85,29.72,S,53.7,W
605,83971,SBPA,Porto Alegre (Aero) ,South_America,SBPA,PORTO ALEGRE/SALGA,,BZ,3,30.0,S,51.18,W
606,85442,SCFA,Antofagasta ,South_America,SCFA,ANTOFAGASTA/CERRO,,CH,120,23.43,S,70.43,W
607,85586,SCSN,Santo Domingo ,South_America,SCSN,SANTO DOMINGO,,CH,75,33.65,S,71.62,W
608,85799,SCTE,Puerto Montt ,South_America,SCTE,PUERTO MONTT/TEPUA,,CH,86,41.42,S,73.08,W
609,85934,SCCI,Punta Arenas ,South_America,SCCI,PUNTA ARENAS,,CH,37,53.0,S,70.85,W
610,87155,SARE,Resistencia Aero ,South_America,SARE,RESISTENCIA AIRPOR,,AG,52,27.45,S,59.05,W
611,87344,SACO,Cordoba Aero ,South_America,SACO,CORDOBA AIRPORT,,AG,474,31.32,S,64.22,W
612,87418,SAME,Mendoza Aero ,South_America,SAME,MENDOZA/EL PLUMERI,,AG,704,32.83,S,68.78,W
613,87623,SAZR,Santa Rosa Aero ,South_America,SAZR,SANTA ROSA AIRPORT,,AG,191,36.57,S,64.27,W
614,87715,SAZN,Neuquen Aero ,South_America,SAZN,NEUQUEN AIRPORT,,AG,271,38.95,S,68.13,W
615,87860,SAVC,Comodoro Rivadavia Aero ,South_America,SAVC,COMODORO RIVADAVIA,,AG,46,45.78,S,67.5,W
616,88889,EGYP,MOUNT PLEASANT ARPT ,South_America,EGYP,MOUNT PLEASANT ARP,,FK,73,51.82,S,58.45,W
617,45004,,Kings Park,South_Pacific,,KING'S PARK,,HK,66,22.32,N,114.17,E
618,47909,,Naze/Funchatoge,South_Pacific,,NAZE/FUNCHATOGE,,JP,7,28.38,N,129.55,E
619,47918,ROIG,Ishigakijima ,South_Pacific,ROIG,ISHIGAKIJIMA ISLAN,,JP,7,24.33,N,124.17,E
620,47945,ROMD,Minamidaitojima ,South_Pacific,ROMD,MINAMIDAITOJIMA IS,,JP,15,25.83,N,131.23,E
621,47971,RJAO,Chichijima ,South_Pacific,RJAO,CHICHIJIMA ISLAND,,JP,8,27.08,N,142.18,E
622,47991,RJAM,Minamitorishima ,South_Pacific,RJAM,MINAMITORISHIMA,,JP,9,24.3,N,153.97,E
623,48839,,Bach Longvi,South_Pacific,,BACH LONGVI,,VS,60,20.13,N,107.72,E
624,48855,VVDN,Da Nang ,South_Pacific,VVDN,DA NANG INTL ARPT,,VS,7,16.03,N,108.18,E
625,48900,VVTS,Ho Chi Minh ,South_Pacific,VVTS,HO CHI MINH/TANSON,,VS,19,10.82,N,106.67,E
626,91165,PHLI,"Lihue, HI ",South_Pacific,PLIH,LIHUE-ON-KAUAI,HI,US,45,21.98,N,159.35,W
627,91212,PGUM,Guam Intl Arpt ,South_Pacific,PGUM,AGANA (NWS),,MY,91,13.48,N,144.8,E
628,91285,PHTO,"Hilo/Gen, HI ",South_Pacific,PHTO,HILO/LYMAN,HI,US,11,19.72,N,155.07,W
629,91334,PTKK,Chuuk Lagoon ,South_Pacific,PTKK,CHUUK/EAST CAROLIN,,KA,3,7.45,N,151.83,E
630,91348,PTPN,Pohnpei ,South_Pacific,PTPN,PONAPE/EAST CAROLI,,KA,39,6.97,N,158.22,E
631,91376,PKMJ,Majuro/Marshall Is ,South_Pacific,PKMJ,MARSHALL ISLANDS,,MM,3,7.08,N,171.38,E
632,91408,PTRO,Babeldaob ,South_Pacific,PTRO,PALAU/WEST CAROLIN,,KA,33,7.33,N,134.48,E
633,91413,PTYA,Yap ,South_Pacific,PTYA,LUWEECH/WEST CAROL,,KA,17,9.48,N,138.08,E
634,91610,NGTA,Tarawa ,South_Pacific,NGTA,TARAWA/BONRIKI INT,,KB,4,1.35,N,172.92,E
635,91643,NGFU,Funafuti ,South_Pacific,NGFU,FUNAFUTI INTL ARPT,,TV,2,8.52,S,179.22,E
636,91680,NFFN,Nadi Airport ,South_Pacific,NFFN,NANDI/NADI INTL,,FJ,18,17.75,S,177.45,E
637,91765,NSTU,Pago Pago/Int.Airp. ,South_Pacific,NSTU,PAGO PAGO,,ZM,3,14.33,S,170.72,W
638,94120,YPDN,"Darwin Airport, NT ",South_Pacific,YPDN,DARWIN (CIV/MIL),NT,AU,30,12.4,S,130.87,E
639,94203,YBRM,"Broome Amo, WE ",South_Pacific,YBRM,BROOME AIRPORT,WE,AU,9,17.95,S,122.22,E
640,94299,,"Willis Island, QU",South_Pacific,,WILLIS ISLAND,QU,AU,9,16.3,S,149.98,E
641,94302,YPLM,"Learmonth Airport, WE ",South_Pacific,YPLM,LEARMONTH,WE,AU,6,22.23,S,114.08,E
642,94326,YBAS,"Alice Springs Aero, NT ",South_Pacific,YBAS,ALICE SPRINGS ARPT,NT,AU,541,23.8,S,133.9,E
643,94332,YBMA,"Mount Isa Amo, QU ",South_Pacific,YBMA,MOUNT ISA AIRPORT,QU,AU,344,20.67,S,139.48,E
644,94403,YPGN,"Geraldton Amo, WE ",South_Pacific,YPGN,GERALDTON AIRPORT,WE,AU,34,28.78,S,114.7,E
645,94430,YPMR,"Meekatharra Amo, WE ",South_Pacific,YPMR,MEEKATHARRA AIRPOR,WE,AU,518,26.6,S,118.53,E
646,94461,,"Giles, WE",South_Pacific,YGLS,GILES MET STATION,WE,AU,599,25.03,S,128.28,E
647,94510,YBCV,"Charleville Amo, QU ",South_Pacific,YBCV,CHARLEVILLE ARPT,QU,AU,304,26.4,S,146.27,E
648,94578,YBBN,"Brisbane Airport Aero, QU ",South_Pacific,YBBN,BRISBANE INTL ARPT,QU,AU,5,27.38,S,153.1,E
649,94610,YPPH,"Perth Airport, WE ",South_Pacific,YPPH,PERTH INTL/BELMONT,WE,AU,29,31.93,S,115.95,E
650,94637,YPKG,"Kalgoorlie-Boulder Amo, WE ",South_Pacific,YPKG,KALGOORLIE/BOULDER,WE,AU,360,30.77,S,121.45,E
651,94638,,"Esperance Mo, WE",South_Pacific,YESP,ESPERANCE,WE,AU,26,33.82,S,121.88,E
652,94659,YPWR,"Woomera Aerodrome Mo, SA ",South_Pacific,YPWR,WOOMERA (AUS-AFB),SA,AU,167,31.13,S,136.82,E
653,94672,YPAD,"Adelaide Airport, SA ",South_Pacific,YPAD,ADELAIDE INTL ARPT,SA,AU,4,34.93,S,138.52,E
654,94711,,"Cobar Mo, NW",South_Pacific,YCBA,COBAR,NW,AU,265,31.48,S,145.82,E
655,94776,YSWM,"Williamtown Amo Raaf, NW ",South_Pacific,YSWM,WILLIAMTOWN(AUS-AB,NW,AU,8,32.78,S,151.82,E
656,94821,YMMG,"Mount Gambier Aero, SA ",South_Pacific,YMMG,MOUNT GAMBIER ARPT,SA,AU,69,37.73,S,140.78,E
657,94866,YMML,"Melbourne Airport, VC ",South_Pacific,YMML,MELBOURNE INTL ARP,VC,AU,141,37.67,S,144.83,E
658,94975,YMHB,"Hobart Airport, TA ",South_Pacific,YMHB,HOBART AIRPORT,TA,AU,27,42.83,S,147.48,E
659,94995,,Lord Howe Island,South_Pacific,YLHI,LORD HOWE ISLAND,NW,AU,6,31.53,S,159.07,E
660,94996,YSNF,Norfolk Island Aero ,South_Pacific,YSNF,NORFOLK ISLAND ARP,,AU,109,29.03,S,167.93,E
661,96147,WION,Ranai ,South_Pacific,WION,RANAI (MIL/CIV),,ID,2,3.95,N,108.38,E
662,96413,WBGG,Kuching ,South_Pacific,WBGG,KUCHING (CIV/MIL),,MS,27,1.48,N,110.33,E
663,96509,WRLR,Tarakan/Juwata ,South_Pacific,WRLR,TARAKAN/JUWATA,,ID,6,3.33,N,117.57,E
664,96581,WIOO,Pontianak/Supadio ,South_Pacific,WIOO,PONTIANAK,,ID,3,0.15,S,109.4,E
665,96685,WRBB,Banjarmasin/Syamsudin ,South_Pacific,WRBB,BANJARMASIN NOOR,,ID,20,3.43,S,114.75,E
666,96749,WIII,Jakarta/Soekarno-Hatta ,South_Pacific,WIII,SOEKARNO-HATTA INT,,ID,8,6.12,S,106.65,E
667,96935,WRSJ,Surabaya/Juanda ,South_Pacific,WRSJ,SURABAYA/JUANDA MI,,ID,3,7.37,S,112.77,E
668,97014,WAMM,Menado/ Sam Ratulangi ,South_Pacific,WAMM,MENADO/SAM RATULAN,,ID,80,1.53,N,124.92,E
669,97072,WAML,Palu/Mutiara ,South_Pacific,WAML,PALU/MUTIARA,,ID,6,0.68,S,119.73,E
670,97372,WRKK,Kupang/Eltari ,South_Pacific,WRKK,KUPANG/EL TARI,,ID,108,10.17,S,123.67,E
671,97560,WABB,Biak/Frans Kaisiepo ,South_Pacific,WABB,BIAK/FRANS KAISIEP,,ID,11,1.18,S,136.12,E
672,97724,WAPP,Ambon/Pattimura ,South_Pacific,WAPP,AMBON/PATTIMURA,,ID,12,3.7,S,128.08,E
673,97900,WAPI,Saumlaki/Olilit ,South_Pacific,WAPI,SAUMLAKI/OLILIT,,ID,24,7.98,S,131.3,E
674,97980,WAKK,Merauke/Mopah ,South_Pacific,WAKK,MERAUKE/MOPAH,,ID,3,8.47,S,140.38,E
675,98223,RPLI,Laoag ,South_Pacific,RPLI,LAOAG INTL(PH-ARMY,,PH,5,18.18,N,120.53,E
676,98328,RPUB,Baguio ,South_Pacific,RPUB,BAGUIO,,PH,1501,16.42,N,120.6,E
677,98433,,Tanay,South_Pacific,,TANAY,,PH,614,14.57,N,121.37,E
678,98618,RPVP,Puerto Princesa ,South_Pacific,,PUERTO PRINCESA,,PH,15,9.75,N,118.73,E
679,98646,RPMT,Mactan ,South_Pacific,RPMT,MACTAN INTL(CIV/AF,,PH,24,10.3,N,123.97,E
680,98753,RPMD,Davao Airport ,South_Pacific,,DAVAO AIRPORT,,PH,18,7.12,N,125.65,E
681,91765,NSTU,Pago Pago/Int.Airp. ,South_Pacific,NSTU,PAGO PAGO,,ZM,3,14.33,S,170.72,W
682,48601,WMKP,Penang/Bayan Lepas ,South_Pacific,WMKP,PENANG/BAYAN LEPAS,,MS,4,5.3,N,100.27,E
683,48650,,Sepang,South_Pacific,,SEPANG (KUALA LUMP,,KL,16,2.73,N,101.7,E
684,48820,VVNB,Ha Noi ,South_Pacific,VVNB,HANOI/NOIBAI INTL,,VS,6,21.02,N,105.8,E
685,48855,VVDN,Da Nang ,South_Pacific,VVDN,DA NANG INTL ARPT,,VS,7,16.03,N,108.18,E
686,48900,VVTS,Ho Chi Minh ,South_Pacific,VVTS,HO CHI MINH/TANSON,,VS,19,10.82,N,106.67,E
687,96035,WIMM,Medan/Polonia ,South_Pacific,WIMM,MEDAN/POLONIA (MIL,,ID,25,3.57,N,98.68,E
688,96147,WION,Ranai ,South_Pacific,WION,RANAI (MIL/CIV),,ID,2,3.95,N,108.38,E
689,96163,WIMG,Padang/Tabing ,South_Pacific,WIMG,PADANG/TABING,,ID,3,0.88,S,100.35,E
690,96237,WIKK,Pangkal Pinang ,South_Pacific,WIKK,PANGKAL-PINANG,,ID,33,2.17,S,106.13,E
691,96253,WIPL,Bengkulu/Padang Kemiling ,South_Pacific,WIPL,BENGKULA/PADANG,,ID,16,3.88,S,102.33,E
692,96413,WBGG,Kuching ,South_Pacific,WBGG,KUCHING (CIV/MIL),,MS,27,1.48,N,110.33,E
693,96441,WBGB,Bintulu ,South_Pacific,WBGB,BINTULU/KALIMANTAN,,MS,5,3.2,N,113.03,E
694,96471,WBKK,Kota Kinabalu ,South_Pacific,WBKK,KOTA KINABALU INTL,,MS,3,5.93,N,116.05,E
695,96481,WBKW,Tawau ,South_Pacific,WBKW,TAWAU/KALIMANTAN I,,MS,20,4.27,N,117.88,E
696,96509,WRLR,Tarakan/Juwata ,South_Pacific,WRLR,TARAKAN/JUWATA,,ID,6,3.33,N,117.57,E
697,96581,WIOO,Pontianak/Supadio ,South_Pacific,WIOO,PONTIANAK,,ID,3,0.15,S,109.4,E
698,96645,WRBI,Pangkalan Bun/Iskandar ,South_Pacific,WRBI,PANGKALAN,,ID,25,2.7,S,111.7,E
699,96685,WRBB,Banjarmasin/Syamsudin ,South_Pacific,WRBB,BANJARMASIN NOOR,,ID,20,3.43,S,114.75,E
700,96749,WIII,Jakarta/Soekarno-Hatta ,South_Pacific,WIII,SOEKARNO-HATTA INT,,ID,8,6.12,S,106.65,E
701,96805,WIIL,Cilacap ,South_Pacific,WIIL,CILACAP,,ID,6,7.73,S,109.02,E
702,96935,WRSJ,Surabaya/Juanda ,South_Pacific,WRSJ,SURABAYA/JUANDA MI,,ID,3,7.37,S,112.77,E
703,97014,WAMM,Menado/ Sam Ratulangi ,South_Pacific,WAMM,MENADO/SAM RATULAN,,ID,80,1.53,N,124.92,E
704,97072,WAML,Palu/Mutiara ,South_Pacific,WAML,PALU/MUTIARA,,ID,6,0.68,S,119.73,E
705,97180,WAAA,Ujung Pandang/Hasanuddin ,South_Pacific,WAAA,HASANUDDIN/UJUNG,,ID,14,5.07,S,119.55,E
706,97230,WRRR,Denpasar/Ngurah Rai ,South_Pacific,WRRR,DENPASAR/NGURAH RA,,ID,1,8.45,S,115.1,E
707,97372,WRKK,Kupang/Eltari ,South_Pacific,WRKK,KUPANG/EL TARI,,ID,108,10.17,S,123.67,E
708,97502,WASS,Sorong/Jefman ,South_Pacific,WASS,SORONG/JEFMAN,,ID,3,0.93,S,131.12,E
709,97560,WABB,Biak/Frans Kaisiepo ,South_Pacific,WABB,BIAK/FRANS KAISIEP,,ID,11,1.18,S,136.12,E
710,97690,WAJJ,Jayapura/Sentani ,South_Pacific,WAJJ,JAYAPURA/SENTANI,,ID,99,2.57,S,140.48,E
711,97724,WAPP,Ambon/Pattimura ,South_Pacific,WAPP,AMBON/PATTIMURA,,ID,12,3.7,S,128.08,E
712,97900,WAPI,Saumlaki/Olilit ,South_Pacific,WAPI,SAUMLAKI/OLILIT,,ID,24,7.98,S,131.3,E
713,97980,WAKK,Merauke/Mopah ,South_Pacific,WAKK,MERAUKE/MOPAH,,ID,3,8.47,S,140.38,E
714,98223,RPLI,Laoag ,South_Pacific,RPLI,LAOAG INTL(PH-ARMY,,PH,5,18.18,N,120.53,E
715,98328,RPUB,Baguio ,South_Pacific,RPUB,BAGUIO,,PH,1501,16.42,N,120.6,E
716,98433,,Tanay,South_Pacific,,TANAY,,PH,614,14.57,N,121.37,E
717,98444,RPMP,Legaspi ,South_Pacific,RPMP,LEGAZPI/LUZON ISL,,PH,17,13.13,N,123.73,E
718,98618,RPVP,Puerto Princesa ,South_Pacific,,PUERTO PRINCESA,,PH,15,9.75,N,118.73,E
719,98646,RPMT,Mactan ,South_Pacific,RPMT,MACTAN INTL(CIV/AF,,PH,24,10.3,N,123.97,E
720,98747,,Cagayan De Oro,South_Pacific,,LUMBIA AIRPORT,,PH,188,8.41,N,124.61,E
721,98753,RPMD,Davao Airport ,South_Pacific,,DAVAO AIRPORT,,PH,18,7.12,N,125.65,E
